row_id,year,month,day,weekday,is_holiday,is_workingday,weather_type,temperature,feel_temperature,humidity,windspeed,rental_count
0,2011,1,1,SAT,0,0,CLOUDY/MIST,14.1,18.2,80.6,10.7,985
1,2011,1,2,SUN,0,0,CLOUDY/MIST,14.9,17.7,69.6,16.7,801
2,2011,1,3,MON,0,1,CLEAR,8.1,9.5,43.7,16.6,1349
3,2011,1,4,TUE,0,1,CLEAR,8.2,10.6,59,10.7,1562
4,2011,1,5,WED,0,1,CLEAR,9.3,11.5,43.7,12.5,1600
5,2011,1,6,THU,0,1,CLEAR,8.4,11.7,51.8,6,1606
6,2011,1,7,FRI,0,1,CLOUDY/MIST,8.1,10.4,49.9,11.3,1510
7,2011,1,8,SAT,0,0,CLOUDY/MIST,6.8,8.1,53.6,17.9,959
8,2011,1,9,SUN,0,0,CLEAR,5.7,5.8,43.4,24.3,822
9,2011,1,10,MON,0,1,CLEAR,6.2,7.5,48.3,15,1321
10,2011,1,11,TUE,0,1,CLOUDY/MIST,6.9,9.6,68.6,8.2,1263
11,2011,1,12,WED,0,1,CLEAR,7.1,8,60,20.4,1162
12,2011,1,13,THU,0,1,CLEAR,6.8,7.5,47,20.2,1406
13,2011,1,14,FRI,0,1,CLEAR,6.6,9.4,53.8,8.5,1421
14,2011,1,15,SAT,0,0,CLOUDY/MIST,9.6,12.4,49.9,10.6,1248
15,2011,1,16,SUN,0,0,CLEAR,9.5,11.7,48.4,12.6,1204
16,2011,1,17,MON,1,,CLOUDY/MIST,7.2,8.8,53.8,13,1000
17,2011,1,18,TUE,0,1,CLOUDY/MIST,8.9,11.6,86.2,9.8,683
18,2011,1,19,WED,0,1,CLOUDY/MIST,12,14.9,74.2,14,1650
19,2011,1,20,THU,0,1,CLOUDY/MIST,10.7,12.8,53.8,13.1,1927
20,2011,1,21,FRI,0,1,CLEAR,7.3,7.9,45.7,23.7,1543
21,2011,1,22,SAT,0,0,CLEAR,2.4,4,40,11.5,981
22,2011,1,23,SUN,0,0,CLEAR,4,4.9,43.7,16.5,986
23,2011,1,24,MON,0,1,CLEAR,4,5.9,49.2,10.6,1416
24,2011,1,25,TUE,0,1,CLOUDY/MIST,9.2,11.7,61.7,8.7,1985
25,2011,1,26,WED,0,1,LIGHT RAIN/SNOW,8.9,10.2,86.2,19.7,506
26,2011,1,27,THU,0,1,CLEAR,8,11,68.8,7.6,431
27,2011,1,28,FRI,0,1,CLOUDY/MIST,8.3,11.2,79.3,8.3,1167
28,2011,1,29,SAT,0,0,CLEAR,8.1,10.6,65.2,9.7,1098
29,2011,1,30,SUN,0,,CLEAR,8.9,12.5,72.2,5,1096
30,2011,1,31,MON,0,1,CLOUDY/MIST,7.4,9.3,60.4,12.5,1501
31,2011,2,1,TUE,0,1,CLOUDY/MIST,7.9,11.7,83,3.6,1360
32,2011,2,2,WED,0,1,CLOUDY/MIST,10.7,12.7,77.5,17.7,1526
33,2011,2,3,THU,0,1,CLEAR,7.7,8.9,43.8,18.6,1550
34,2011,2,4,FRI,0,1,CLOUDY/MIST,8.7,11.4,58.5,8.6,1708
35,2011,2,5,SAT,0,0,CLOUDY/MIST,9.6,12.2,92.9,10.8,1005
36,2011,2,6,SUN,0,0,CLEAR,11.7,14.6,56.8,9.5,1623
37,2011,2,7,MON,0,1,CLEAR,11.1,15.2,73.8,3,1712
38,2011,2,8,TUE,0,1,CLEAR,9.1,9.9,53.8,24.3,1530
39,2011,2,9,WED,0,1,CLOUDY/MIST,5.5,7.2,49.5,12.7,1605
40,2011,2,10,THU,0,1,CLEAR,5.9,7.5,43.7,14.9,1538
41,2011,2,11,FRI,0,1,CLEAR,7.8,10.7,50.6,7.3,1746
42,2011,2,12,SAT,0,0,CLEAR,9.1,11.6,54.4,13.6,1472
43,2011,2,13,SUN,0,0,CLEAR,13,16.2,45.7,17.5,1589
44,2011,2,14,MON,0,1,CLEAR,17,19.9,37.6,28,1913
45,2011,2,15,TUE,0,1,CLEAR,10.9,12.7,31.4,19.5,1815
46,2011,2,16,WED,0,1,CLEAR,13,15.8,42.3,16.9,2115
47,2011,2,17,THU,0,1,CLEAR,17.9,21.4,50.5,15.4,2475
48,2011,2,18,FRI,0,1,CLEAR,21.4,25.6,51.7,17.7,2927
49,2011,2,19,SAT,0,0,CLEAR,16.4,19.6,18.8,34,1635
50,2011,2,20,SUN,0,0,CLEAR,11.7,13.9,40.8,15,1812
51,2011,2,21,MON,1,0,CLOUDY/MIST,12.4,14.2,60.5,20.6,1107
52,2011,2,22,TUE,0,1,CLEAR,7.5,9.3,57.8,13.1,1450
53,2011,2,23,WED,0,1,CLEAR,9.1,12.3,42.3,6.3,1917
54,2011,2,24,THU,0,1,CLOUDY/MIST,12.1,14.5,69.7,16.8,1807
55,2011,2,25,FRI,0,1,CLOUDY/MIST,14.9,17.5,71.2,23.2,1461
56,2011,2,26,SAT,0,0,CLEAR,11.6,14.1,53.8,12.5,1969
57,2011,2,27,SUN,0,0,CLEAR,14.1,17.6,68,8.4,2402
58,2011,2,28,MON,0,1,CLOUDY/MIST,16.7,20,87.6,19.4,1446
59,2011,3,1,TUE,0,1,CLEAR,10.9,13.2,53.5,14.5,1851
60,2011,3,2,WED,0,1,CLEAR,13.7,16,45,20.6,2134
61,2011,3,3,THU,0,1,CLEAR,8.1,10,31.8,15.1,1685
62,2011,3,4,FRI,0,1,CLOUDY/MIST,10.7,12.8,61,13.6,1944
63,2011,3,5,SAT,0,0,CLOUDY/MIST,15.8,18.9,78.9,16.9,2077
64,2011,3,6,SUN,0,0,CLOUDY/MIST,15.4,18.3,94.8,23,605
65,2011,3,7,MON,0,1,CLEAR,10.7,11.9,55.1,22.9,1872
66,2011,3,8,TUE,0,1,CLEAR,12,15.1,42.1,8.1,2133
67,2011,3,9,WED,0,1,CLOUDY/MIST,12.1,14.3,77.5,14.8,1891
68,2011,3,10,THU,0,1,LIGHT RAIN/SNOW,16,19.3,0,17.5,623
69,2011,3,11,FRI,0,1,CLOUDY/MIST,13,15.2,65,15.6,1977
70,2011,3,12,SAT,0,0,CLEAR,13.5,16.3,59.5,14.8,2132
71,2011,3,13,SUN,0,0,CLEAR,15.8,19,52.7,18.1,2417
72,2011,3,14,MON,0,1,CLEAR,13.3,16.6,49.7,9.2,2046
73,2011,3,15,TUE,0,1,CLOUDY/MIST,13,15.9,65.6,12.3,2056
74,2011,3,16,WED,0,1,CLOUDY/MIST,15,18.3,77.7,13.6,2192
75,2011,3,17,THU,0,1,CLEAR,17,20.5,60.3,14,2744
76,2011,3,18,FRI,0,1,CLEAR,22.1,26.4,52.5,15.5,3239
77,2011,3,19,SAT,0,0,CLEAR,19.4,23.3,37.9,24.7,3117
78,2011,3,20,SUN,0,0,CLEAR,13.6,16.3,47.4,13.9,2471
79,2011,3,21,MON,0,1,CLOUDY/MIST,17.6,20.5,73.7,19.3,2077
80,2011,3,22,TUE,0,1,CLEAR,18.1,22,62.5,15.1,2703
81,2011,3,23,WED,0,1,CLOUDY/MIST,14.2,16.9,84,15.7,2121
82,2011,3,24,THU,0,1,CLOUDY/MIST,11.7,13.5,80.6,16.3,1865
83,2011,3,25,FRI,0,1,CLEAR,10.8,12.8,49.5,15.5,2210
84,2011,3,26,SAT,0,0,CLEAR,10.9,12.9,39.4,14,2496
85,2011,3,27,SUN,0,,CLOUDY/MIST,10.4,12.5,49.4,12.3,1693
86,2011,3,28,MON,0,1,CLEAR,10.8,12.9,30.2,14.2,2028
87,2011,3,29,TUE,0,1,CLEAR,12.4,14.6,31.4,15.2,2425
88,2011,3,30,WED,0,1,CLOUDY/MIST,12.3,14.9,64.7,11.6,1536
89,2011,3,31,THU,0,1,LIGHT RAIN/SNOW,11,12.9,91.8,14.6,1685
90,2011,4,1,FRI,0,1,CLOUDY/MIST,12.3,14.2,68.6,17.3,2227
91,2011,4,2,SAT,0,0,CLOUDY/MIST,12.9,15.8,65.4,13.2,2252
92,2011,4,3,SUN,0,0,CLEAR,15.5,18.9,48,12.2,3249
93,2011,4,4,MON,0,1,CLEAR,23.5,27.1,42.6,25.8,3115
94,2011,4,5,TUE,0,1,CLOUDY/MIST,17,19.9,64.2,26,1795
95,2011,4,6,WED,0,1,CLEAR,16,19.4,47.1,17.6,2808
96,2011,4,7,THU,0,1,CLEAR,17.9,21.7,60.3,10.9,3141
97,2011,4,8,FRI,0,1,CLOUDY/MIST,13.8,16.2,83.6,15.2,1471
98,2011,4,9,SAT,0,0,CLOUDY/MIST,14,17.1,87.8,8.9,2455
99,2011,4,10,SUN,0,0,CLOUDY/MIST,17.5,21.3,85.8,9.8,2895
100,2011,4,11,MON,0,1,CLOUDY/MIST,24.4,28.3,71.7,21.7,3348
101,2011,4,12,TUE,0,1,CLOUDY/MIST,20.6,24.7,73.9,18.4,2034
102,2011,4,13,WED,0,1,CLOUDY/MIST,16.9,20.9,81.9,16.8,2162
103,2011,4,14,THU,0,1,CLEAR,19.2,23.1,54,7.4,3267
104,2011,4,15,FRI,1,0,CLEAR,18.3,22.1,67.1,15.2,3126
105,2011,4,16,SAT,0,0,LIGHT RAIN/SNOW,17.7,21.3,88.8,22.8,795
106,2011,4,17,SUN,0,0,CLEAR,18.7,22.3,48,20.3,3744
107,2011,4,18,MON,0,1,CLEAR,21,25.2,54.2,11,3429
108,2011,4,19,TUE,0,1,CLOUDY/MIST,20.7,24.5,66.6,10.6,3204
109,2011,4,20,WED,0,1,CLEAR,24.4,28.2,61.4,16.2,3944
110,2011,4,21,THU,0,1,CLEAR,18.8,22.7,40.7,21.8,4189
111,2011,4,22,FRI,0,1,CLOUDY/MIST,13.8,16.1,73,14.7,1683
112,2011,4,23,SAT,0,0,CLOUDY/MIST,18.9,22.5,88.8,15.5,4036
113,2011,4,24,SUN,0,0,CLOUDY/MIST,23.8,27.6,81.1,12.9,4191
114,2011,4,25,MON,0,1,CLEAR,24.9,28.7,77.7,12.4,4073
115,2011,4,26,TUE,0,1,CLEAR,25.9,29.7,72.9,21.9,4400
116,2011,4,27,WED,0,1,CLOUDY/MIST,25.4,28.8,83.5,20.9,3872
117,2011,4,28,THU,0,1,CLOUDY/MIST,25.3,28.9,70.1,21.5,4058
118,2011,4,29,FRI,0,1,CLEAR,20.9,24.9,45.7,16.1,4595
119,2011,4,30,SAT,0,0,CLEAR,19.4,23.2,50.3,15.8,5312
120,2011,5,1,SUN,0,0,CLOUDY/MIST,18.5,22.4,76.2,7.1,3351
121,2011,5,2,MON,0,1,CLOUDY/MIST,22.5,26.6,73,12.3,4401
122,2011,5,3,TUE,0,1,CLOUDY/MIST,25.3,29.1,69.7,23,4451
123,2011,5,4,WED,0,1,CLOUDY/MIST,17,20.2,73.7,22,2633
124,2011,5,5,THU,0,1,CLEAR,18.8,22.1,44.4,19.8,4433
125,2011,5,6,FRI,0,1,CLEAR,19.6,23.7,59,15.3,4608
126,2011,5,7,SAT,0,0,CLEAR,21.3,25.6,54.1,10.8,4714
127,2011,5,8,SUN,0,0,CLEAR,21.7,25.9,63.2,5,4333
128,2011,5,9,MON,0,1,CLEAR,21.8,26.3,58.9,11.8,4362
129,2011,5,10,TUE,0,1,CLEAR,21.8,26.1,48.9,7.7,4803
130,2011,5,11,WED,0,1,CLEAR,22.2,26.4,63.3,8.1,4182
131,2011,5,12,THU,0,1,CLEAR,21.9,26.2,74.8,12.7,4864
132,2011,5,13,FRI,0,1,CLOUDY/MIST,21,24.7,86.3,12,4105
133,2011,5,14,SAT,0,0,CLOUDY/MIST,21.4,25,92.2,9,3409
134,2011,5,15,SUN,0,0,CLOUDY/MIST,23.1,26.8,86.7,10.2,4553
135,2011,5,16,MON,0,1,CLEAR,23.7,27.5,78.8,8.5,3958
136,2011,5,17,TUE,0,1,CLOUDY/MIST,23,26.9,83.8,18.6,4123
137,2011,5,18,WED,0,1,CLOUDY/MIST,22.6,26.4,87,13.5,3855
138,2011,5,19,THU,0,1,CLOUDY/MIST,21.8,25.5,83,7.3,4575
139,2011,5,20,FRI,0,1,CLEAR,22,26.5,72,8.4,4917
140,2011,5,21,SAT,0,0,CLEAR,24.7,28.6,62.7,8.1,5805
141,2011,5,22,SUN,0,0,CLEAR,24.8,28.7,75,9.9,4660
142,2011,5,23,MON,0,1,CLOUDY/MIST,25.9,29.5,81,15.7,4274
143,2011,5,24,TUE,0,1,CLOUDY/MIST,27.1,30.2,74.1,13.9,4492
144,2011,5,25,WED,0,1,CLEAR,27.1,30.8,69.6,10.3,4978
145,2011,5,26,THU,0,1,CLEAR,29,32.7,67.8,13.4,4677
146,2011,5,27,FRI,0,1,CLEAR,27.9,31.9,65.4,16.1,4679
147,2011,5,28,SAT,0,0,CLEAR,26.9,30.6,73,15.4,4758
148,2011,5,29,SUN,0,0,CLEAR,27.4,30.8,81.9,14.3,4788
149,2011,5,30,MON,1,0,CLEAR,30.1,33.6,68.5,8.8,4098
150,2011,5,31,TUE,0,1,CLEAR,31.8,36.3,63.7,7.5,3982
151,2011,6,1,WED,0,1,CLOUDY/MIST,31.3,36,67.7,13.9,3974
152,2011,6,2,THU,0,1,CLEAR,29.3,32.2,30.5,19.6,4968
153,2011,6,3,FRI,0,1,CLEAR,25.4,29.4,35.4,17,5312
154,2011,6,4,SAT,0,0,CLEAR,26,29.7,45.6,8.3,5342
155,2011,6,5,SUN,0,0,CLOUDY/MIST,26.6,30.8,65.2,9.3,4906
156,2011,6,6,MON,0,1,CLEAR,27.8,31.1,60,8.2,4548
157,2011,6,7,TUE,0,1,CLEAR,29,32.8,59.8,12.6,4833
158,2011,6,8,WED,0,1,CLEAR,31.8,36.4,62.2,9.2,4401
159,2011,6,9,THU,0,1,CLOUDY/MIST,33.1,37.9,56.8,10,3915
160,2011,6,10,FRI,0,1,CLEAR,31,35.2,60.5,9.4,4586
161,2011,6,11,SAT,0,0,CLEAR,29.7,33.9,65.5,10.4,4966
162,2011,6,12,SUN,0,0,CLEAR,28.4,32.2,74.8,11,4460
163,2011,6,13,MON,0,1,CLEAR,26,30.1,49.5,20.5,5020
164,2011,6,14,TUE,0,1,CLEAR,24.8,29.6,50.7,18,4891
165,2011,6,15,WED,0,1,CLEAR,25.7,29.4,47.2,11.3,5180
166,2011,6,16,THU,0,1,CLOUDY/MIST,25.8,29.8,68.8,13.8,3767
167,2011,6,17,FRI,0,1,CLEAR,26.6,30,73.6,9.6,4844
168,2011,6,18,SAT,0,0,CLEAR,28.6,32.2,67,8,5119
169,2011,6,19,SUN,0,0,CLOUDY/MIST,28.7,32.3,66.7,6.8,4744
170,2011,6,20,MON,0,1,CLOUDY/MIST,26,29.8,74.6,10.4,4010
171,2011,6,21,TUE,0,1,CLOUDY/MIST,27.9,31.9,77,11.5,4835
172,2011,6,22,WED,0,,CLEAR,30.1,34.7,70.8,11.5,4507
173,2011,6,23,THU,0,1,CLOUDY/MIST,29.9,34.7,70.3,16,4790
174,2011,6,24,FRI,0,1,CLEAR,29.7,32.8,57.3,14.9,4991
175,2011,6,25,SAT,0,0,CLEAR,28.5,32.2,48.3,14,5202
176,2011,6,26,SUN,0,0,CLEAR,27.9,31.9,51.3,6.3,5305
177,2011,6,27,MON,0,1,CLOUDY/MIST,28,31.9,65.8,7.2,4708
178,2011,6,28,TUE,0,1,CLEAR,30.5,34.6,63.4,9.7,4648
179,2011,6,29,WED,0,1,CLEAR,29.9,32.7,49.8,17.5,5225
180,2011,6,30,THU,0,1,CLEAR,28.6,31.9,43.4,12.4,5515
181,2011,7,1,FRI,0,1,CLEAR,29.6,32.6,39.6,6.9,5362
182,2011,7,2,SAT,0,0,CLEAR,30.3,33.4,44.5,7.7,5119
183,2011,7,3,SUN,0,0,CLOUDY/MIST,29.4,33.4,68.2,15.3,4649
184,2011,7,4,MON,1,0,CLOUDY/MIST,29.8,33.3,63.8,5.5,6043
185,2011,7,5,TUE,0,1,CLEAR,30.6,34.8,59,8.5,4665
186,2011,7,6,WED,0,1,CLEAR,29.5,34.3,74.3,10,4629
187,2011,7,7,THU,0,1,CLEAR,30.8,34.3,65.1,10.7,4592
188,2011,7,8,FRI,0,1,CLOUDY/MIST,29.1,33.5,75.8,15.1,4040
189,2011,7,9,SAT,0,0,CLEAR,30.1,33.2,60.9,11.3,5336
190,2011,7,10,SUN,0,0,CLEAR,30.6,34.5,57.8,12.3,4881
191,2011,7,11,MON,0,1,CLEAR,31.3,36.5,63.6,18.9,4086
192,2011,7,12,TUE,0,1,CLEAR,32.6,37,55.9,13.4,4258
193,2011,7,13,WED,0,1,CLEAR,30.6,34.5,63.2,9.8,4342
194,2011,7,14,THU,0,1,CLEAR,27.9,31.8,47.6,16.1,5084
195,2011,7,15,FRI,0,1,CLEAR,27.2,31.2,59.1,12.2,5538
196,2011,7,16,SAT,0,0,CLEAR,28.2,31.9,58.5,14,5923
197,2011,7,17,SUN,0,,CLEAR,29.5,33.5,60.4,16.4,5302
198,2011,7,18,MON,0,1,CLEAR,30.6,35.2,65.1,14.5,4458
199,2011,7,19,TUE,0,1,CLEAR,31.8,37.4,65,8.8,4541
200,2011,7,20,WED,0,1,CLEAR,31.5,37.3,70.7,7.6,4332
201,2011,7,21,THU,0,1,CLOUDY/MIST,33.4,41.3,69.1,14.9,3784
202,2011,7,22,FRI,0,1,CLEAR,34.8,42,58,8.9,3387
203,2011,7,23,SAT,0,0,CLEAR,34.8,40.2,50,8.8,3285
204,2011,7,24,SUN,0,0,CLEAR,34,39.7,55.1,11.3,3606
205,2011,7,25,MON,0,1,CLEAR,30.5,36,75.7,6.1,3840
206,2011,7,26,TUE,0,1,CLEAR,31.6,34.8,54.1,13.4,4590
207,2011,7,27,WED,0,1,CLEAR,31.8,34.5,40.3,12.3,4656
208,2011,7,28,THU,0,1,CLEAR,31.9,37,58.3,12,4390
209,2011,7,29,FRI,0,1,CLEAR,34.4,39.3,54.2,11.7,3846
210,2011,7,30,SAT,0,0,CLEAR,33,36.4,46.6,11.3,4475
211,2011,7,31,SUN,0,0,CLEAR,33,36.5,48.1,11,4302
212,2011,8,1,MON,0,1,CLEAR,31.6,35.2,55.1,10.5,4266
213,2011,8,2,TUE,0,1,CLEAR,32.1,35.4,49.1,13.8,4845
214,2011,8,3,WED,0,1,CLOUDY/MIST,30,34,65.8,9.1,3574
215,2011,8,4,THU,0,1,CLOUDY/MIST,29.1,33.2,75.8,13.2,4576
216,2011,8,5,FRI,0,1,CLEAR,29.1,32.8,63.1,12.4,4866
217,2011,8,6,SAT,0,0,CLOUDY/MIST,29.4,33.8,75.5,15.3,4294
218,2011,8,7,SUN,0,0,CLEAR,30.4,35.8,75.3,13.5,3785
219,2011,8,8,MON,0,1,CLEAR,31.4,35.2,59.2,12.9,4326
220,2011,8,9,TUE,0,1,CLEAR,31.8,36.2,57,10.1,4602
221,2011,8,10,WED,0,1,CLEAR,31.4,34.2,42.4,13.4,4780
222,2011,8,11,THU,0,1,CLEAR,29.4,32.6,42.4,11,4792
223,2011,8,12,FRI,0,1,CLEAR,29,32.7,41.5,8.4,4905
224,2011,8,13,SAT,0,0,CLOUDY/MIST,28.1,32.3,73,14.2,4150
225,2011,8,14,SUN,0,0,CLOUDY/MIST,27.7,31.2,81.8,14.9,3820
226,2011,8,15,MON,0,1,CLEAR,27.3,30.8,71.2,14,4338
227,2011,8,16,TUE,0,1,CLEAR,28.7,32.3,57.8,15.8,4725
228,2011,8,17,WED,0,1,CLEAR,29.7,33.3,57.5,9.6,4694
229,2011,8,18,THU,0,1,CLEAR,29.2,33.1,65.5,15.6,3805
230,2011,8,19,FRI,0,1,CLOUDY/MIST,28.1,31.7,72.3,9.3,4153
231,2011,8,20,SAT,0,0,CLEAR,28.6,32.4,67.4,7,5191
232,2011,8,21,SUN,0,0,CLEAR,29.1,33.8,77,16.7,3873
233,2011,8,22,MON,0,1,CLEAR,28.4,31.9,47,18.5,4758
234,2011,8,23,TUE,0,1,CLEAR,26.3,30.3,45.5,9.8,5895
235,2011,8,24,WED,0,1,CLEAR,27.6,31.5,60.5,17,5130
236,2011,8,25,THU,0,1,CLOUDY/MIST,28.1,32.3,77.2,14.1,3542
237,2011,8,26,FRI,0,1,CLEAR,28.7,33,76.1,5.6,4661
238,2011,8,27,SAT,0,0,CLOUDY/MIST,27.9,31.8,85,25.2,1115
239,2011,8,28,SUN,0,0,CLEAR,29,32.4,56.2,20.4,4334
240,2011,8,29,MON,0,1,CLEAR,26.1,30.4,55.5,10.7,4634
241,2011,8,30,TUE,0,1,CLEAR,26.2,29.7,54.8,8.4,5204
242,2011,8,31,WED,0,1,CLEAR,26.9,30.6,59.8,5.6,5058
243,2011,9,1,THU,0,1,CLEAR,26.9,30.7,63.9,9.5,5115
244,2011,9,2,FRI,0,1,CLOUDY/MIST,26.4,30.2,72.7,9.4,4727
245,2011,9,3,SAT,0,0,CLEAR,27.4,31.7,71.7,12.4,4484
246,2011,9,4,SUN,0,0,CLEAR,29.1,33.3,74.2,13.8,4940
247,2011,9,5,MON,1,0,CLOUDY/MIST,27.6,31.3,79,14.3,3351
248,2011,9,6,TUE,0,1,LIGHT RAIN/SNOW,22.1,25.8,88.7,23,2710
249,2011,9,7,WED,0,1,LIGHT RAIN/SNOW,24.6,27.2,91.7,6.5,1996
250,2011,9,8,THU,0,1,LIGHT RAIN/SNOW,26,27.8,94,12.9,1842
251,2011,9,9,FRI,0,1,CLOUDY/MIST,26.6,28.9,89.8,8.3,3544
252,2011,9,10,SAT,0,0,CLEAR,27.1,30.4,75.4,10.3,5345
253,2011,9,11,SUN,0,0,CLEAR,26.8,30.5,71.4,7.7,5046
254,2011,9,12,MON,0,1,CLEAR,26.4,30.1,69.2,6,4713
255,2011,9,13,TUE,0,1,CLEAR,26.7,30.2,71.2,9.5,4763
256,2011,9,14,WED,0,1,CLEAR,27.6,31.3,69.7,11.2,4785
257,2011,9,15,THU,0,1,CLOUDY/MIST,23.7,27.7,70.9,18.2,3659
258,2011,9,16,FRI,0,1,CLOUDY/MIST,19.2,23.1,59,11,4760
259,2011,9,17,SAT,0,0,CLOUDY/MIST,20.2,23.9,71.8,12.7,4511
260,2011,9,18,SUN,0,0,CLEAR,20.8,24.5,69.5,12,4274
261,2011,9,19,MON,0,1,CLOUDY/MIST,22.5,26.5,69,10.2,4539
262,2011,9,20,TUE,0,1,CLOUDY/MIST,23,26.6,88.1,9,3641
263,2011,9,21,WED,0,1,CLOUDY/MIST,24.4,27.5,90,6.5,4352
264,2011,9,22,THU,0,1,CLOUDY/MIST,25.8,27.7,90.2,8.6,4795
265,2011,9,23,FRI,0,1,CLOUDY/MIST,25,26.1,97.2,5.3,2395
266,2011,9,24,SAT,0,0,CLOUDY/MIST,24.9,28.2,86.2,5.3,5423
267,2011,9,25,SUN,0,0,CLOUDY/MIST,26,28.6,84.5,3.4,5010
268,2011,9,26,MON,0,1,CLOUDY/MIST,26.6,29.5,84.8,7.4,4630
269,2011,9,27,TUE,0,1,CLOUDY/MIST,26.1,28.7,88.5,7.9,4120
270,2011,9,28,WED,0,1,CLOUDY/MIST,26,28.8,84.9,10,3907
271,2011,9,29,THU,0,1,CLEAR,25.3,28.7,69.9,11.6,4839
272,2011,9,30,FRI,0,1,CLEAR,23.1,27.2,64.8,13.8,5202
273,2011,10,1,SAT,0,0,CLOUDY/MIST,16.8,20.6,75.4,19.6,2429
274,2011,10,2,SUN,0,0,CLOUDY/MIST,14.6,17.3,79.2,14.9,2918
275,2011,10,3,MON,0,1,CLOUDY/MIST,15.8,19.6,76.1,5.6,3570
276,2011,10,4,TUE,0,1,CLEAR,19.9,23.6,71,13.8,4456
277,2011,10,5,WED,0,1,CLEAR,22.1,26.4,64.8,11.9,4826
278,2011,10,6,THU,0,1,CLEAR,20.3,24,62.1,9,4765
279,2011,10,7,FRI,0,1,CLEAR,20.9,25.2,68.4,1.5,4985
280,2011,10,8,SAT,0,0,CLEAR,21.4,25.7,70.1,3,5409
281,2011,10,9,SUN,0,0,CLEAR,22.2,26.2,72.8,4.3,5511
282,2011,10,10,MON,1,0,CLEAR,23.4,27.1,73.4,2.8,5117
283,2011,10,11,TUE,0,1,CLOUDY/MIST,23.2,27.3,80.9,9.6,4563
284,2011,10,12,WED,0,1,LIGHT RAIN/SNOW,22.3,25.9,90.6,16.6,2416
285,2011,10,13,THU,0,1,CLOUDY/MIST,24.2,27.6,89.7,9.5,2913
286,2011,10,14,FRI,0,1,CLOUDY/MIST,22.6,26.5,71.6,15,3644
287,2011,10,15,SAT,0,0,CLEAR,20.8,24.9,48.3,17.3,5217
288,2011,10,16,SUN,0,0,CLEAR,21,25.2,48.7,18.9,5041
289,2011,10,17,MON,0,1,CLEAR,21.9,25.5,58,11.8,4570
290,2011,10,18,TUE,0,1,CLOUDY/MIST,21.8,26.1,70.2,7.4,4748
291,2011,10,19,WED,0,1,LIGHT RAIN/SNOW,22.2,25.7,89.5,16.3,2424
292,2011,10,20,THU,0,1,CLEAR,19.5,23.3,63.6,28.3,4195
293,2011,10,21,FRI,0,1,CLEAR,17.5,21.2,57.4,14.8,4304
294,2011,10,22,SAT,0,0,CLEAR,17.3,21.3,62.9,6.2,4308
295,2011,10,23,SUN,0,0,CLEAR,17.3,21.1,74.1,6.7,4381
296,2011,10,24,MON,0,1,CLEAR,19,22.9,77.2,8,4187
297,2011,10,25,TUE,0,1,CLEAR,19.3,23.2,62.3,11.2,4687
298,2011,10,26,WED,0,1,CLOUDY/MIST,19.9,23.6,72,10,3894
299,2011,10,27,THU,0,1,CLOUDY/MIST,19.3,22.9,81.3,13.3,2659
300,2011,10,28,FRI,0,1,CLOUDY/MIST,13.6,15.9,58.6,15.4,3747
301,2011,10,29,SAT,0,0,LIGHT RAIN/SNOW,10.4,11.4,88.2,23.5,627
302,2011,10,30,SUN,0,0,CLEAR,13.1,16.1,62.4,11.8,3331
303,2011,10,31,MON,0,1,CLEAR,13.9,17.8,70.3,7.1,3669
304,2011,11,1,TUE,0,1,CLEAR,16.4,19.9,68.4,9.1,4068
305,2011,11,2,WED,0,1,CLEAR,15.5,19.5,71.9,5.5,4186
306,2011,11,3,THU,0,1,CLEAR,16.7,20.3,70.2,9.2,3974
307,2011,11,4,FRI,0,1,CLOUDY/MIST,16.5,20.2,62.3,18.2,4046
308,2011,11,5,SAT,0,0,CLEAR,13.4,16.2,51.9,12.7,3926
309,2011,11,6,SUN,0,0,CLEAR,14.3,18.1,73.5,6.2,3649
310,2011,11,7,MON,0,1,CLEAR,16.2,20,75.9,3.8,4035
311,2011,11,8,TUE,0,1,CLEAR,16.7,20.6,72.2,4.6,4205
312,2011,11,9,WED,0,1,CLEAR,16.4,20.5,75.8,4.2,4109
313,2011,11,10,THU,0,1,CLOUDY/MIST,15.6,18.7,81.3,12.7,2933
314,2011,11,11,FRI,1,0,CLEAR,13.3,15.3,44.6,21.1,3368
315,2011,11,12,SAT,0,0,CLEAR,14.6,17.9,55.3,14.2,4067
316,2011,11,13,SUN,0,0,CLEAR,18.1,21.5,45.8,18.9,3717
317,2011,11,14,MON,0,1,CLEAR,21.7,26.2,58.7,20.5,4486
318,2011,11,15,TUE,0,1,CLOUDY/MIST,21.7,25.4,68.9,13.4,4195
319,2011,11,16,WED,0,1,LIGHT RAIN/SNOW,18.7,22.6,93,9.2,1817
320,2011,11,17,THU,0,1,CLOUDY/MIST,14,16.2,57.6,20.5,3053
321,2011,11,18,FRI,0,1,CLEAR,11.2,13.6,41,11.3,3392
322,2011,11,19,SAT,0,0,CLEAR,13.5,16.2,50.2,15,3663
323,2011,11,20,SUN,0,0,CLOUDY/MIST,19,22.9,68.5,12.5,3520
324,2011,11,21,MON,0,1,LIGHT RAIN/SNOW,18.3,22.3,91,9.2,2765
325,2011,11,22,TUE,0,1,LIGHT RAIN/SNOW,17.1,21.1,96.2,8,1607
326,2011,11,23,WED,0,1,CLOUDY/MIST,18.1,21.5,75.8,22.5,2566
327,2011,11,24,THU,1,0,CLEAR,15.3,18.6,54.9,11.2,1495
328,2011,11,25,FRI,0,1,CLEAR,15.4,19,64.4,6.6,2792
329,2011,11,26,SAT,0,0,CLEAR,15.4,19.3,68.2,4.6,3068
330,2011,11,27,SUN,0,0,CLEAR,18.8,22.8,69.8,14,3071
331,2011,11,28,MON,0,1,CLEAR,20.6,24.5,74.3,9.5,3867
332,2011,11,29,TUE,0,1,CLOUDY/MIST,18.8,22.6,83.1,17.3,2914
333,2011,11,30,WED,0,1,CLEAR,13.3,15.6,61.3,18.2,3613
334,2011,12,1,THU,0,1,CLEAR,12.8,15.3,52.5,14.8,3727
335,2011,12,2,FRI,0,1,CLEAR,12.9,16.6,62.6,6.8,3940
336,2011,12,3,SAT,0,0,CLEAR,12.3,15.5,61.3,6.4,3614
337,2011,12,4,SUN,0,0,CLEAR,13.6,17.5,77.6,5.6,3485
338,2011,12,5,MON,0,1,CLOUDY/MIST,15.8,19.7,82.7,4.2,3811
339,2011,12,6,TUE,0,1,LIGHT RAIN/SNOW,19,22.8,95,15.6,2594
340,2011,12,7,WED,0,1,LIGHT RAIN/SNOW,16.8,20,97,17.8,705
341,2011,12,8,THU,0,1,CLEAR,10.9,12.8,58,16.1,3322
342,2011,12,9,FRI,0,,CLEAR,11.9,15.9,69.6,5.5,3620
343,2011,12,10,SAT,0,0,CLEAR,11.3,13.3,50.7,15.6,3190
344,2011,12,11,SUN,0,0,CLEAR,9.1,12.7,49,4.5,2743
345,2011,12,12,MON,0,1,CLEAR,9.8,13.5,67.1,4.3,3310
346,2011,12,13,TUE,0,1,CLEAR,11.6,15.1,59,9.4,3523
347,2011,12,14,WED,0,1,CLOUDY/MIST,13,16.9,66.4,4.1,3740
348,2011,12,15,THU,0,1,CLOUDY/MIST,17.3,20.6,63.4,18,3709
349,2011,12,16,FRI,0,1,CLOUDY/MIST,15.4,18,50,17.5,3577
350,2011,12,17,SAT,0,0,CLOUDY/MIST,10.6,12.5,56.1,16.3,2739
351,2011,12,18,SUN,0,0,CLEAR,9.8,12.3,58.6,11.4,2431
352,2011,12,19,MON,0,1,CLEAR,11.3,14,63.7,11.6,3403
353,2011,12,20,TUE,0,1,CLOUDY/MIST,15.8,19.8,59.5,4.1,3750
354,2011,12,21,WED,0,1,CLOUDY/MIST,17.6,21.4,85.8,14.8,2660
355,2011,12,22,THU,0,1,CLOUDY/MIST,17.4,21.3,75.8,3.2,3068
356,2011,12,23,FRI,0,1,CLEAR,15.3,18.9,68.6,18.4,2209
357,2011,12,24,SAT,0,0,CLEAR,12.4,15,54.2,12.8,1011
358,2011,12,25,SUN,0,0,CLEAR,11.3,14,68.1,10.4,754
359,2011,12,26,MON,1,0,CLEAR,13.2,15.8,50.7,16,1317
360,2011,12,27,TUE,0,1,CLOUDY/MIST,13.3,16.4,76.2,12.6,1162
361,2011,12,28,WED,0,1,CLEAR,12.3,14,50.4,19.7,2302
362,2011,12,29,THU,0,1,CLEAR,10.2,13.2,57.4,8,2423
363,2011,12,30,FRI,0,1,CLEAR,12.8,15.9,63.7,9,2999
364,2011,12,31,SAT,0,0,CLEAR,16.8,20.7,61.6,14.8,2485
365,2012,1,1,SUN,0,0,CLEAR,15.2,18.8,69.2,12.9,2294
366,2012,1,2,MON,1,0,CLEAR,11.2,12.6,38.1,22.1,1951
367,2012,1,3,TUE,0,1,CLEAR,6.1,6.3,44.1,24.5,2236
368,2012,1,4,WED,0,1,CLOUDY/MIST,4.4,6,41.5,12.4,2368
369,2012,1,5,THU,0,1,CLEAR,10.9,13.9,52.4,8.7,3272
370,2012,1,6,FRI,0,1,CLEAR,13.7,17,54.2,11.2,4098
371,2012,1,7,SAT,0,0,CLEAR,16.1,19.5,53.2,11.7,4521
372,2012,1,8,SUN,0,0,CLEAR,13.8,17,46.5,12.8,3425
373,2012,1,9,MON,0,1,CLOUDY/MIST,9.2,12.4,70.2,6.6,2376
374,2012,1,10,TUE,0,1,CLEAR,12.7,15.9,64.7,12.6,3598
375,2012,1,11,WED,0,1,CLOUDY/MIST,11.2,14.1,84.8,8.8,2177
376,2012,1,12,THU,0,1,CLOUDY/MIST,15.7,19.1,80.3,12.1,4097
377,2012,1,13,FRI,0,1,CLEAR,11.2,12.5,50.7,25.3,3214
378,2012,1,14,SAT,0,0,CLEAR,7.4,9.2,45.8,12.5,2493
379,2012,1,15,SUN,0,0,CLEAR,6.8,8.1,41.9,16.8,2311
380,2012,1,16,MON,1,0,CLEAR,7.8,9.5,52.2,15.5,2298
381,2012,1,17,TUE,0,1,CLOUDY/MIST,15.3,18.2,71.6,23.4,2935
382,2012,1,18,WED,0,1,CLEAR,12.4,13.8,44.3,27.8,3376
383,2012,1,19,THU,0,1,CLEAR,7.8,9.5,49.8,14.8,3292
384,2012,1,20,FRI,0,1,CLOUDY/MIST,8.9,11,45,13.6,3163
385,2012,1,21,SAT,0,0,CLOUDY/MIST,7.1,8.7,83.1,14.9,1301
386,2012,1,22,SUN,0,0,CLOUDY/MIST,6.7,8.1,79.6,13.4,1977
387,2012,1,23,MON,0,1,CLOUDY/MIST,9,12.2,91.1,7.4,2432
388,2012,1,24,TUE,0,1,CLEAR,14,17.5,83.6,8.3,4339
389,2012,1,25,WED,0,1,CLEAR,12.1,14.7,64.4,10.8,4270
390,2012,1,26,THU,0,1,CLOUDY/MIST,14,17.8,77,4.9,4075
391,2012,1,27,FRI,0,1,CLOUDY/MIST,17.4,20.8,74.1,23,3456
392,2012,1,28,SAT,0,0,CLEAR,12.9,16.3,54.3,14.1,4023
393,2012,1,29,SUN,0,0,CLEAR,11.6,13.6,31.1,16.1,3243
394,2012,1,30,MON,0,1,CLEAR,11,13.1,40.1,14.5,3624
395,2012,1,31,TUE,0,1,CLEAR,16,19.1,41.7,17.5,4509
396,2012,2,1,WED,0,1,CLEAR,19.2,23.3,50.8,12.7,4579
397,2012,2,2,THU,0,1,CLOUDY/MIST,16.4,19.9,67.3,12.5,3761
398,2012,2,3,FRI,0,1,CLEAR,12.8,15.5,52.7,12,4151
399,2012,2,4,SAT,0,0,CLOUDY/MIST,10.8,13.6,78,8.2,2832
400,2012,2,5,SUN,0,0,CLOUDY/MIST,10.9,13.2,68.8,11.8,2947
401,2012,2,6,MON,0,1,CLEAR,11.6,14.8,62.2,10.3,3784
402,2012,2,7,TUE,0,1,CLEAR,14.5,18.1,49.6,9.9,4375
403,2012,2,8,WED,0,1,CLOUDY/MIST,10.5,13.3,72.3,9,2802
404,2012,2,9,THU,0,1,CLEAR,10.9,13.1,56.2,13,3830
405,2012,2,10,FRI,0,1,CLOUDY/MIST,11.5,14.7,54,7.8,3831
406,2012,2,11,SAT,0,0,LIGHT RAIN/SNOW,9.2,10.5,73.1,19.4,2169
407,2012,2,12,SUN,0,0,CLEAR,5.2,5.1,46.5,27.4,1529
408,2012,2,13,MON,0,1,CLEAR,9.1,11.4,41.1,11.2,3422
409,2012,2,14,TUE,0,1,CLOUDY/MIST,13.1,16.7,50.9,9.5,3922
410,2012,2,15,WED,0,1,CLEAR,14.3,17.6,53.1,12.2,4169
411,2012,2,16,THU,0,1,CLOUDY/MIST,13,16.5,75.3,6.1,3005
412,2012,2,17,FRI,0,1,CLEAR,14.1,17.6,63.5,13.8,4154
413,2012,2,18,SAT,0,0,CLEAR,14.2,17.8,53.5,12.8,4318
414,2012,2,19,SUN,0,0,CLOUDY/MIST,11.5,13.3,51.6,17,2689
415,2012,2,20,MON,1,0,CLEAR,11.5,13.7,50.8,15.3,3129
416,2012,2,21,TUE,0,1,CLEAR,11.8,14.8,59.4,13.8,3777
417,2012,2,22,WED,0,1,CLEAR,16.2,19.6,56.8,15.7,4773
418,2012,2,23,THU,0,1,CLEAR,18.6,22.2,55.5,12.8,5062
419,2012,2,24,FRI,0,1,CLOUDY/MIST,16.7,20.5,73.8,15.9,3487
420,2012,2,25,SAT,0,0,CLEAR,11.9,12.8,39.6,28.3,2732
421,2012,2,26,SUN,0,0,CLEAR,11.4,13.4,41,13.8,3389
422,2012,2,27,MON,0,1,CLEAR,15,17.9,49.1,18,4322
423,2012,2,28,TUE,0,1,CLEAR,14.7,17.7,39.6,13,4363
424,2012,2,29,WED,0,1,CLOUDY/MIST,14.1,17.4,80.5,12,1834
425,2012,3,1,THU,0,1,CLEAR,19.9,23.8,61.5,15.2,4990
426,2012,3,2,FRI,0,1,CLOUDY/MIST,14.5,18,65.7,9.7,3194
427,2012,3,3,SAT,0,0,CLOUDY/MIST,17,20.7,62.1,10.8,4066
428,2012,3,4,SUN,0,0,CLEAR,13.4,15.2,40.3,22.4,3423
429,2012,3,5,MON,0,1,CLEAR,10,12.1,50.6,15.3,3333
430,2012,3,6,TUE,0,1,CLEAR,10.6,12.8,45.7,13.5,3956
431,2012,3,7,WED,0,1,CLEAR,16.6,19.3,51.3,23.2,4916
432,2012,3,8,THU,0,1,CLEAR,21.6,26.2,56.8,29.6,5382
433,2012,3,9,FRI,0,1,CLOUDY/MIST,16.8,19.9,40.7,27.8,4569
434,2012,3,10,SAT,0,0,CLEAR,11.8,13.9,35,15.1,4118
435,2012,3,11,SUN,0,0,CLEAR,14.8,18,47.7,14.9,4911
436,2012,3,12,MON,0,1,CLEAR,19.1,23,48.9,13.9,5298
437,2012,3,13,TUE,0,1,CLEAR,23.2,27.1,61.8,15.9,5847
438,2012,3,14,WED,0,1,CLEAR,23.5,27.4,50.7,7.7,6312
439,2012,3,15,THU,0,1,CLEAR,22.9,26.6,58,10,6192
440,2012,3,16,FRI,0,1,CLOUDY/MIST,17.9,21.8,84.2,7.6,4378
441,2012,3,17,SAT,0,0,CLOUDY/MIST,21.1,25.3,75.6,7.4,7836
442,2012,3,18,SUN,0,0,CLOUDY/MIST,19.4,23.2,81,8.5,5892
443,2012,3,19,MON,0,1,CLEAR,22.3,26.6,72.9,10.9,6153
444,2012,3,20,TUE,0,1,CLEAR,23,26.9,80.8,8.1,6093
445,2012,3,21,WED,0,1,CLOUDY/MIST,21.8,25.7,82.1,6,6230
446,2012,3,22,THU,0,1,CLEAR,22.7,26.6,83.1,7.9,6871
447,2012,3,23,FRI,0,1,CLOUDY/MIST,24.7,28.5,69.4,7.8,8362
448,2012,3,24,SAT,0,0,CLOUDY/MIST,20.6,24.3,88.5,12.9,3372
449,2012,3,25,SUN,0,0,CLOUDY/MIST,17.9,21.9,88.1,14.8,4996
450,2012,3,26,MON,0,1,CLEAR,18.3,21.9,47.8,25.9,5558
451,2012,3,27,TUE,0,1,CLEAR,13.3,15.8,29,12.5,5102
452,2012,3,28,WED,0,1,CLEAR,19.9,23.5,48.1,19.5,5698
453,2012,3,29,THU,0,1,CLEAR,20.3,24.1,43.9,21.4,6133
454,2012,3,30,FRI,0,1,CLOUDY/MIST,15.2,18.8,58.1,9.3,5459
455,2012,3,31,SAT,0,0,CLOUDY/MIST,17.4,21.1,73.8,16.8,6235
456,2012,4,1,SUN,0,0,CLOUDY/MIST,17.5,20.9,67.6,11.5,6041
457,2012,4,2,MON,0,1,CLEAR,17.8,21.4,50.4,20.9,5936
458,2012,4,3,TUE,0,1,CLEAR,19.1,23.1,39.7,6.7,6772
459,2012,4,4,WED,0,1,CLEAR,22.2,26.7,47,12.1,6436
460,2012,4,5,THU,0,1,CLEAR,17.8,21.6,37.4,14.7,6457
461,2012,4,6,FRI,0,1,CLEAR,16.5,19.5,37.7,20.1,6460
462,2012,4,7,SAT,0,0,CLEAR,17.9,21.3,25.4,18.4,6857
463,2012,4,8,SUN,0,0,CLEAR,20.5,24.6,27.6,15.6,5169
464,2012,4,9,MON,0,1,CLEAR,20.1,23.8,31.8,24,5585
465,2012,4,10,TUE,0,1,CLEAR,18.3,21.8,43.5,16.7,5918
466,2012,4,11,WED,0,1,CLEAR,14.3,16.9,47,19.8,4862
467,2012,4,12,THU,0,1,CLEAR,16.3,19.4,46.6,19.5,5409
468,2012,4,13,FRI,0,1,CLEAR,18.1,21.6,40.8,10.4,6398
469,2012,4,14,SAT,0,0,CLEAR,20.3,24.4,50.3,12.8,7460
470,2012,4,15,SUN,0,0,CLEAR,24.9,28.7,50.8,15.1,7132
471,2012,4,16,MON,1,0,CLEAR,27.2,30.7,56.2,19.1,6370
472,2012,4,17,TUE,0,1,CLEAR,24.9,29.9,39,18.3,6691
473,2012,4,18,WED,0,1,CLOUDY/MIST,19,22.9,56.9,11.3,4367
474,2012,4,19,THU,0,1,CLEAR,20.4,24.7,61.3,4.4,6565
475,2012,4,20,FRI,0,1,CLEAR,21.6,25.8,69.5,10,7290
476,2012,4,21,SAT,0,0,CLEAR,23.4,27.1,68.3,19,6624
477,2012,4,22,SUN,0,0,LIGHT RAIN/SNOW,16.3,19.5,83.5,23.1,1027
478,2012,4,23,MON,0,1,CLOUDY/MIST,13.2,15.1,76.7,20.3,3214
479,2012,4,24,TUE,0,1,CLEAR,16.9,20.3,45.4,16.7,5633
480,2012,4,25,WED,0,1,CLEAR,19.5,23.5,42.8,8,6196
481,2012,4,26,THU,0,1,CLOUDY/MIST,20.4,24.2,75.7,11.8,5026
482,2012,4,27,FRI,0,1,CLEAR,18.8,22.6,40.1,23.3,6233
483,2012,4,28,SAT,0,0,CLOUDY/MIST,15.4,18.9,49,8.7,4220
484,2012,4,29,SUN,0,0,CLEAR,18.8,22.5,58.7,7.8,6304
485,2012,4,30,MON,0,1,CLOUDY/MIST,19,22.9,57,11.5,5572
486,2012,5,1,TUE,0,1,CLOUDY/MIST,25.1,28.9,66,10.5,5740
487,2012,5,2,WED,0,1,CLEAR,23.1,26.9,79.7,9.2,6169
488,2012,5,3,THU,0,1,CLOUDY/MIST,23,26.9,76.8,9,6421
489,2012,5,4,FRI,0,1,CLEAR,25.7,29.5,73.5,10.9,6296
490,2012,5,5,SAT,0,0,CLOUDY/MIST,25.5,29.2,75.7,10.3,6883
491,2012,5,6,SUN,0,0,CLOUDY/MIST,23.1,27.3,74,10,6359
492,2012,5,7,MON,0,1,CLOUDY/MIST,22,26.4,66.4,15.5,6273
493,2012,5,8,TUE,0,1,CLOUDY/MIST,23.8,27.9,68.6,19.8,5728
494,2012,5,9,WED,0,1,CLOUDY/MIST,23.6,27.7,74.4,14.5,4717
495,2012,5,10,THU,0,1,CLEAR,20.7,24.6,55.2,21,6572
496,2012,5,11,FRI,0,1,CLEAR,21.9,26,36,15.9,7030
497,2012,5,12,SAT,0,0,CLEAR,23.1,27.2,48,8.2,7429
498,2012,5,13,SUN,0,0,CLEAR,25.1,29.3,57.6,15.1,6118
499,2012,5,14,MON,0,1,CLOUDY/MIST,23.5,27.5,79,14.3,2843
500,2012,5,15,TUE,0,1,CLOUDY/MIST,25.1,28.8,79.5,9.9,5115
501,2012,5,16,WED,0,1,CLEAR,26.1,29.8,69.8,8.2,7424
502,2012,5,17,THU,0,1,CLEAR,24.3,28.6,52,15.4,7384
503,2012,5,18,FRI,0,1,CLEAR,23.1,27.6,52.3,9.2,7639
504,2012,5,19,SAT,0,0,CLEAR,24.6,28.3,45.6,5.6,8294
505,2012,5,20,SUN,0,0,CLEAR,25.5,29.2,53,17,7129
506,2012,5,21,MON,0,1,CLOUDY/MIST,24.5,28.3,81.1,15.6,4359
507,2012,5,22,TUE,0,1,CLOUDY/MIST,25.2,29,76.6,7.9,6073
508,2012,5,23,WED,0,1,CLOUDY/MIST,25.5,29.2,77.5,6.8,5260
509,2012,5,24,THU,0,1,CLEAR,26.9,30.3,71.7,11.6,6770
510,2012,5,25,FRI,0,1,CLEAR,27.9,31.4,74.7,9.4,6734
511,2012,5,26,SAT,0,0,CLEAR,28.4,32.1,73.2,13.3,6536
512,2012,5,27,SUN,0,0,CLEAR,28.3,32.1,69.7,14.4,6591
513,2012,5,28,MON,1,0,CLEAR,29.2,34,67.6,13.2,6043
514,2012,5,29,TUE,0,1,CLEAR,29.6,33.6,68.5,19.8,5743
515,2012,5,30,WED,0,1,CLOUDY/MIST,26.9,30.6,67,9,6855
516,2012,5,31,THU,0,1,CLEAR,27.9,31.6,49.3,13.1,7338
517,2012,6,1,FRI,0,1,CLOUDY/MIST,26.8,30.4,75.5,15.9,4127
518,2012,6,2,SAT,0,0,CLEAR,23.9,28.3,54.9,12.5,8120
519,2012,6,3,SUN,0,0,CLEAR,24.7,28.8,49.3,12.3,7641
520,2012,6,4,MON,0,1,CLEAR,24.5,28.9,48.7,19.1,6998
521,2012,6,5,TUE,0,1,CLOUDY/MIST,22.2,26.3,61.3,14,7001
522,2012,6,6,WED,0,1,CLEAR,22.7,27.1,61.1,5.2,7055
523,2012,6,7,THU,0,1,CLEAR,24.7,28.5,56.7,10.5,7494
524,2012,6,8,FRI,0,1,CLEAR,26.6,29.9,46.8,11.8,7736
525,2012,6,9,SAT,0,0,CLEAR,29.1,32.4,43.7,9.7,7498
526,2012,6,10,SUN,0,0,CLEAR,29.8,33.2,53.8,9,6598
527,2012,6,11,MON,0,1,CLOUDY/MIST,29.6,33,58.8,13.9,6664
528,2012,6,12,TUE,0,1,CLOUDY/MIST,26.8,29.9,83.3,14.4,4972
529,2012,6,13,WED,0,1,CLEAR,26.9,30.6,58.2,23,7421
530,2012,6,14,THU,0,1,CLEAR,26.6,31.2,57,17,7363
531,2012,6,15,FRI,0,1,CLEAR,26.2,30,59,11.8,7665
532,2012,6,16,SAT,0,0,CLEAR,25.9,29.7,50.4,11.2,7702
533,2012,6,17,SUN,0,0,CLEAR,24.3,28.6,59.9,9.7,6978
534,2012,6,18,MON,0,1,CLOUDY/MIST,23.3,27.2,77.8,11.7,5099
535,2012,6,19,TUE,0,1,CLEAR,28.2,32.7,69,9.9,6825
536,2012,6,20,WED,0,1,CLEAR,32.1,36,59.2,7.6,6211
537,2012,6,21,THU,0,1,CLEAR,33,37.6,56.8,8,5905
538,2012,6,22,FRI,0,1,CLEAR,31.9,36.2,57.4,12.3,5823
539,2012,6,23,SAT,0,0,CLEAR,30,32.6,53.5,12,7458
540,2012,6,24,SUN,0,0,CLEAR,30.5,33.7,47.9,9.8,6891
541,2012,6,25,MON,0,1,CLEAR,29.3,32.7,50.4,20.1,6779
542,2012,6,26,TUE,0,1,CLEAR,25.9,29.7,37.3,23.3,7442
543,2012,6,27,WED,0,1,CLEAR,28.6,32,36,18.2,7335
544,2012,6,28,THU,0,1,CLEAR,30.7,33.8,42.2,11.5,6879
545,2012,6,29,FRI,0,1,CLEAR,34.2,39.3,48.9,11.1,5463
546,2012,6,30,SAT,0,0,CLEAR,31.4,34.4,60.1,10.8,5687
547,2012,7,1,SUN,0,0,CLEAR,33.4,37.5,51.9,11.3,5531
548,2012,7,2,MON,0,1,CLEAR,32,35.1,44.7,13.1,6227
549,2012,7,3,TUE,0,1,CLEAR,32,35.1,49.2,8.5,6660
550,2012,7,4,WED,1,0,CLEAR,32.4,36.6,53.9,9,7403
551,2012,7,5,THU,0,1,CLEAR,33.9,38.1,45.8,13,6241
552,2012,7,6,FRI,0,1,CLEAR,34,37.6,45.1,9.8,6207
553,2012,7,7,SAT,0,0,CLEAR,35.3,40.2,49.2,11,4840
554,2012,7,8,SUN,0,0,CLEAR,33.7,39.5,57.4,8.4,4672
555,2012,7,9,MON,0,1,CLOUDY/MIST,29.1,32.7,68.3,12.1,6569
556,2012,7,10,TUE,0,1,CLOUDY/MIST,29.6,33.2,66.8,10.2,6290
557,2012,7,11,WED,0,1,CLEAR,29.4,32.5,63.3,10.2,7264
558,2012,7,12,THU,0,1,CLEAR,29.3,32.7,53,9.8,7446
559,2012,7,13,FRI,0,1,CLOUDY/MIST,30,33.4,48.6,5.4,7499
560,2012,7,14,SAT,0,0,CLOUDY/MIST,28.8,33.3,69.9,9.6,6969
561,2012,7,15,SUN,0,0,CLEAR,30.6,35.3,71.8,11.2,6031
562,2012,7,16,MON,0,1,CLEAR,31.3,,64.5,11,6830
563,2012,7,17,TUE,0,1,CLEAR,33.6,37.8,50.6,7.7,6786
564,2012,7,18,WED,0,1,CLEAR,32.5,37.3,57.7,9.2,5713
565,2012,7,19,THU,0,1,CLEAR,31.6,35.7,60,11.1,6591
566,2012,7,20,FRI,0,1,CLOUDY/MIST,27.3,30.7,84.4,14,5870
567,2012,7,21,SAT,0,0,LIGHT RAIN/SNOW,24.4,27.5,86.5,14.3,4459
568,2012,7,22,SUN,0,0,CLOUDY/MIST,27.4,31.2,76.2,6.3,7410
569,2012,7,23,MON,0,1,CLEAR,30.4,34.5,69.4,9.3,6966
570,2012,7,24,TUE,0,1,CLEAR,30.8,35.3,65.5,14.2,7592
571,2012,7,25,WED,0,1,CLEAR,29.7,32.7,45,11,8173
572,2012,7,26,THU,0,1,CLEAR,31.8,37,59.7,19.1,6861
573,2012,7,27,FRI,0,1,CLEAR,32,36.7,59.5,10.3,6904
574,2012,7,28,SAT,0,0,CLEAR,31,34.9,61.3,10.5,6685
575,2012,7,29,SUN,0,0,CLEAR,29.6,33.4,62.4,11.4,6597
576,2012,7,30,MON,0,1,CLEAR,30,34.2,66.9,10.3,7105
577,2012,7,31,TUE,0,1,CLEAR,29.2,33.1,70.4,11.1,7216
578,2012,8,1,WED,0,1,CLEAR,29.4,33.4,67.8,9.5,7580
579,2012,8,2,THU,0,1,CLEAR,30.9,35.4,66,8.7,7261
580,2012,8,3,FRI,0,1,CLOUDY/MIST,31.4,,64.2,14.5,7175
581,2012,8,4,SAT,0,0,CLEAR,32.5,37.6,61.3,17.2,6824
582,2012,8,5,SUN,0,0,CLEAR,31.5,36.6,65.2,19.5,5464
583,2012,8,6,MON,0,1,CLOUDY/MIST,30.9,35.5,65.4,8.7,7013
584,2012,8,7,TUE,0,1,CLOUDY/MIST,30.2,34.9,70.4,7.8,7273
585,2012,8,8,WED,0,1,CLOUDY/MIST,30.8,35.4,67.3,7.4,7534
586,2012,8,9,THU,0,1,CLEAR,31,35,620,10.5,7286
587,2012,8,10,FRI,0,1,CLOUDY/MIST,29.3,33.4,71.6,16,5786
588,2012,8,11,SAT,0,0,CLOUDY/MIST,28.4,31.9,73.3,13.8,6299
589,2012,8,12,SUN,0,0,CLEAR,28.7,32.2,53,8.2,6544
590,2012,8,13,MON,0,1,CLEAR,29.6,33.1,54.5,9.1,6883
591,2012,8,14,TUE,0,1,CLEAR,29.8,33.8,68.7,11.3,6784
592,2012,8,15,WED,0,1,CLEAR,29,32.7,620,11.4,7347
593,2012,8,16,THU,0,1,CLEAR,29.5,32.7,51.9,9.5,7605
594,2012,8,17,FRI,0,1,CLEAR,29.7,12.1,57.1,15.5,7148
595,2012,8,18,SAT,0,0,CLEAR,27.8,30.9,60.3,11.9,7865
596,2012,8,19,SUN,0,0,CLOUDY/MIST,26.1,30.2,71.2,5.8,4549
597,2012,8,20,MON,0,1,CLOUDY/MIST,26.1,29.8,73.4,8.7,6530
598,2012,8,21,TUE,0,1,CLEAR,26.6,30.1,67.4,4.9,7006
599,2012,8,22,WED,0,1,CLEAR,27.4,31.1,67.7,4.7,7375
600,2012,8,23,THU,0,1,CLEAR,28.5,31.9,63.6,5.7,7765
601,2012,8,24,FRI,0,1,CLOUDY/MIST,28.8,32.4,61.5,4.8,7582
602,2012,8,25,SAT,0,0,CLOUDY/MIST,27.1,30.9,71.3,16.4,6053
603,2012,8,26,SUN,0,0,CLOUDY/MIST,26.8,29.8,84.6,15.3,5255
604,2012,8,27,MON,0,1,CLEAR,28.8,32.7,73,8.6,6917
605,2012,8,28,TUE,0,1,CLEAR,29.9,33.3,62,12.8,7040
606,2012,8,29,WED,0,1,CLEAR,28.1,31.8,55.2,7.5,7697
607,2012,8,30,THU,0,1,CLEAR,29,32.6,59,5.2,7713
608,2012,8,31,FRI,0,1,CLEAR,31.3,34.5,58.8,11.3,7350
609,2012,9,1,SAT,0,0,CLOUDY/MIST,30.9,35.1,63.8,7.6,6140
610,2012,9,2,SUN,0,0,CLOUDY/MIST,28.6,32.4,81.5,4.3,5810
611,2012,9,3,MON,1,0,CLEAR,29,33.1,79.1,10.1,6034
612,2012,9,4,TUE,0,1,CLEAR,29.8,34.3,75.5,15.8,6864
613,2012,9,5,WED,0,1,CLEAR,30.2,35.4,74.1,12.6,7112
614,2012,9,6,THU,0,1,CLOUDY/MIST,28.6,32.8,81,9.5,6203
615,2012,9,7,FRI,0,1,CLEAR,28.8,32.9,73.6,11.5,7504
616,2012,9,8,SAT,0,0,CLOUDY/MIST,27,30.6,79.9,18.8,5976
617,2012,9,9,SUN,0,0,CLEAR,25,28.9,54.8,15,8227
618,2012,9,10,MON,0,1,CLEAR,23.9,28.3,50.4,17.3,7525
619,2012,9,11,TUE,0,1,CLEAR,23.7,27.7,52,6.2,7767
620,2012,9,12,WED,0,1,CLEAR,24.6,28.5,57.7,8.8,7870
621,2012,9,13,THU,0,1,CLEAR,25.1,29,63.7,5.5,7804
622,2012,9,14,FRI,0,1,CLEAR,26,29.7,67.2,7,8009
623,2012,9,15,SAT,0,0,CLEAR,24.9,29.3,50.2,16.6,8714
624,2012,9,16,SUN,0,0,CLEAR,23.8,28.2,57,6,7333
625,2012,9,17,MON,0,1,CLOUDY/MIST,23.8,27.7,73.5,10.2,6869
626,2012,9,18,TUE,0,1,CLOUDY/MIST,25.6,28.3,87.2,24,4073
627,2012,9,19,WED,0,1,CLEAR,22.7,27,53.7,14.4,7591
628,2012,9,20,THU,0,1,CLEAR,22.4,26.6,61.8,7.9,7720
629,2012,9,21,FRI,0,1,CLEAR,24.6,28.6,66.9,10.3,8167
630,2012,9,22,SAT,0,0,CLEAR,26.6,30.5,64.7,19,8395
631,2012,9,23,SUN,0,0,CLEAR,21.7,25.9,46.7,15,7907
632,2012,9,24,MON,0,1,CLEAR,21.1,25.1,49.3,9.5,7436
633,2012,9,25,TUE,0,1,CLEAR,22.6,27.2,57,15.8,7538
634,2012,9,26,WED,0,1,CLEAR,26,29.8,63.1,16.4,7733
635,2012,9,27,THU,0,1,CLOUDY/MIST,26.6,30.4,69.1,9,7393
636,2012,9,28,FRI,0,1,CLOUDY/MIST,25.4,29.3,69,11,7415
637,2012,9,29,SAT,0,0,CLEAR,22.2,26.5,54.3,15.2,8555
638,2012,9,30,SUN,0,0,CLEAR,21.6,25.9,58.3,9,6889
639,2012,10,1,MON,0,1,CLOUDY/MIST,21.4,25.6,64.9,6.1,6778
640,2012,10,2,TUE,0,1,LIGHT RAIN/SNOW,24.2,27.1,87.2,7,4639
641,2012,10,3,WED,0,1,CLOUDY/MIST,27,30,79.4,4.5,7572
642,2012,10,4,THU,0,1,CLOUDY/MIST,27,30.4,72.3,7.9,7328
643,2012,10,5,FRI,0,1,CLEAR,25.2,29,62.7,7.1,8156
644,2012,10,6,SAT,0,0,CLEAR,22.7,26.9,66.4,18,7965
645,2012,10,7,SUN,0,0,CLOUDY/MIST,17,21,70.8,9.5,3510
646,2012,10,8,MON,1,0,CLOUDY/MIST,15.7,19.4,71,12.7,5478
647,2012,10,9,TUE,0,1,CLOUDY/MIST,18.3,21.9,76.2,12.8,6392
648,2012,10,10,WED,0,1,CLEAR,21.1,25.2,63.1,12.6,7691
649,2012,10,11,THU,0,1,CLEAR,17.8,21.6,46.3,12.2,7570
650,2012,10,12,FRI,0,1,CLEAR,17.9,21.7,53.9,15.8,7282
651,2012,10,13,SAT,0,0,CLEAR,16.1,19.6,49.5,9.8,7109
652,2012,10,14,SUN,0,0,CLEAR,21.4,25.4,64,18.7,6639
653,2012,10,15,MON,0,1,CLOUDY/MIST,23,27,70.8,19.8,5875
654,2012,10,16,TUE,0,1,CLEAR,19.2,23,55.8,12.2,7534
655,2012,10,17,WED,0,1,CLEAR,18.7,22.5,69.3,6.8,7461
656,2012,10,18,THU,0,1,CLOUDY/MIST,21.4,25.6,72.8,15.9,7509
657,2012,10,19,FRI,0,1,CLOUDY/MIST,23.1,26.9,81.5,9,5424
658,2012,10,20,SAT,0,0,CLEAR,19.9,23.6,57.3,7.9,8090
659,2012,10,21,SUN,0,0,CLEAR,19,22.8,51,11.1,6824
660,2012,10,22,MON,0,1,CLEAR,20,24.1,56.8,5.5,7058
661,2012,10,23,TUE,0,1,CLEAR,22.3,26.5,64.2,6.3,7466
662,2012,10,24,WED,0,1,CLEAR,24.1,27.9,63.6,4.9,7693
663,2012,10,25,THU,0,1,CLOUDY/MIST,22.6,26.5,80,8.3,7359
664,2012,10,26,FRI,0,1,CLOUDY/MIST,22.4,26.1,80.7,8.9,7444
665,2012,10,27,SAT,0,0,CLOUDY/MIST,21.7,25.8,72,15.8,7852
666,2012,10,28,SUN,0,0,CLOUDY/MIST,19.6,23.4,69.5,26.7,4459
667,2012,10,29,MON,0,1,LIGHT RAIN/SNOW,18,22,88,24,22
668,2012,10,30,TUE,0,1,CLOUDY/MIST,13,15.5,82.5,14.3,1096
669,2012,10,31,WED,0,1,CLOUDY/MIST,14.7,18.1,66.7,11.2,5566
670,2012,11,1,THU,0,1,CLOUDY/MIST,15,18.5,58.2,10.5,5986
671,2012,11,2,FRI,0,1,CLEAR,14.6,17.8,52.2,17.8,5847
672,2012,11,3,SAT,0,0,CLOUDY/MIST,14.1,,49.1,18.1,5138
673,2012,11,4,SUN,0,0,CLEAR,13.4,16.5,53.3,12,5107
674,2012,11,5,MON,0,1,CLEAR,13.1,15.4,49.4,15.8,5259
675,2012,11,6,TUE,0,1,CLEAR,11.5,14.1,56.7,11.6,5686
676,2012,11,7,WED,0,1,CLOUDY/MIST,12.1,13.7,54.8,20.4,5035
677,2012,11,8,THU,0,1,CLEAR,14.4,17.1,33.3,23.3,5315
678,2012,11,9,FRI,0,1,CLEAR,14.8,17.8,54.1,14.4,5992
679,2012,11,10,SAT,0,0,CLEAR,16,19.7,64.5,3.9,6536
680,2012,11,11,SUN,0,0,CLEAR,17.3,21.1,65.9,8.5,6852
681,2012,11,12,MON,1,0,CLEAR,19.9,23.8,74.2,11.6,6269
682,2012,11,13,TUE,0,1,CLOUDY/MIST,14.1,16.2,66.3,22.9,4094
683,2012,11,14,WED,0,1,CLEAR,11.9,14.1,55.2,13.4,5495
684,2012,11,15,THU,0,1,CLOUDY/MIST,13.2,16.2,62,10.3,5445
685,2012,11,16,FRI,0,1,CLEAR,14.1,17.4,52.5,11.5,5698
686,2012,11,17,SAT,0,0,CLEAR,13.3,16.3,54.5,12,5629
687,2012,11,18,SUN,0,0,CLEAR,14,16.9,69.3,15.3,4669
688,2012,11,19,MON,0,1,CLOUDY/MIST,15.6,18.8,62.3,15.7,5499
689,2012,11,20,TUE,0,1,CLOUDY/MIST,15.3,19,68.5,5.5,5634
690,2012,11,21,WED,0,1,CLEAR,14.5,18.2,61.4,6.9,5146
691,2012,11,22,THU,1,0,CLEAR,13.9,17.5,58,3.5,2425
692,2012,11,23,FRI,0,1,CLEAR,15.1,18.9,56.9,9.9,3910
693,2012,11,24,SAT,0,0,CLEAR,11.4,12.4,40.5,25.3,2277
694,2012,11,25,SUN,0,0,CLEAR,10.1,12.9,46.8,10.1,2424
695,2012,11,26,MON,0,1,CLEAR,12.8,17,53.5,3.1,5087
696,2012,11,27,TUE,0,1,CLOUDY/MIST,12,14.1,78.7,15.9,3959
697,2012,11,28,WED,0,1,CLEAR,12.2,14.5,50.6,14.1,5260
698,2012,11,29,THU,0,1,CLEAR,11.5,14.9,55.6,7.7,5323
699,2012,11,30,FRI,0,1,CLEAR,12.2,16.2,65,3.9,5668
700,2012,12,1,SAT,0,0,CLOUDY/MIST,12.2,15.8,80.7,4,5191
701,2012,12,2,SUN,0,0,CLOUDY/MIST,14.2,18,82.3,8.3,4649
702,2012,12,3,MON,0,1,CLEAR,18.6,22.8,76.8,5.5,6234
703,2012,12,4,TUE,0,1,CLEAR,19.5,23.5,73.4,11.7,6606
704,2012,12,5,WED,0,1,CLEAR,18,21.4,48.5,21.7,5729
705,2012,12,6,THU,0,1,CLEAR,10.5,12.9,50.9,11.7,5375
706,2012,12,7,FRI,0,1,CLOUDY/MIST,13.2,16.1,76.4,8.8,5008
707,2012,12,8,SAT,0,0,CLOUDY/MIST,15.6,,91.1,6.8,5582
708,2012,12,9,SUN,0,0,CLOUDY/MIST,15.8,19.5,90.5,10.6,3228
709,2012,12,10,MON,0,1,CLOUDY/MIST,17.9,21.8,92.5,12.8,5170
710,2012,12,11,TUE,0,1,CLOUDY/MIST,14.5,16.9,59.7,19.8,5501
711,2012,12,12,WED,0,1,CLOUDY/MIST,12.2,14.9,53.8,10.9,5319
712,2012,12,13,THU,0,1,CLEAR,12.1,14.7,48.6,11.7,5532
713,2012,12,14,FRI,0,1,CLEAR,11.5,,64.3,8.8,5611
714,2012,12,15,SAT,0,0,CLEAR,13.3,16.9,65,7.1,5047
715,2012,12,16,SUN,0,0,CLOUDY/MIST,14.9,18.5,83.9,6.7,3786
716,2012,12,17,MON,0,1,CLOUDY/MIST,16.1,20.1,90.7,6.6,4585
717,2012,12,18,TUE,0,1,CLEAR,16.8,20.5,66.6,14.8,5557
718,2012,12,19,WED,0,1,CLEAR,13.6,17.1,62.5,12.3,5267
719,2012,12,20,THU,0,1,CLOUDY/MIST,13.5,16.8,66.8,8.9,4128
720,2012,12,21,FRI,0,1,CLOUDY/MIST,13.4,15.1,55.7,25.1,3623
721,2012,12,22,SAT,0,0,CLEAR,10.9,11.8,44.1,27.3,1749
722,2012,12,23,SUN,0,0,CLEAR,10.1,13,51.5,8.9,1787
723,2012,12,24,MON,0,1,CLOUDY/MIST,9.5,12.9,79.1,5.2,920
724,2012,12,25,TUE,1,0,CLOUDY/MIST,11.9,14.7,73.5,11.3,1013
725,2012,12,26,WED,0,1,LIGHT RAIN/SNOW,10,11,82.3,21.2,441
726,2012,12,27,THU,0,1,CLOUDY/MIST,10.4,11.3,65.3,23.5,2114
727,2012,12,28,FRI,0,1,CLOUDY/MIST,10.4,12.8,590,10.4,3095
728,2012,12,29,SAT,0,0,CLOUDY/MIST,10.4,12.1,75.3,8.3,1341
729,2012,12,30,SUN,0,0,CLEAR,10.5,11.6,48.3,23.5,1796
730,2012,12,31,MON,0,1,CLOUDY/MIST,8.8,11.2,57.8,10.4,2729
